epoch,train_loss,val_loss,val_rmse
1,1.4415386358896891,0.6135040750870338,0.7832650094872321
