epoch,train_loss,val_loss,val_rmse,val_mae,val_mape
1,1.4055016131628126,0.3604510288972121,0.6003757397640348,0.3245958685874939,23968128.0
