epoch,train_loss,val_loss,val_rmse
1,1.449046912647429,0.4624454195682819,0.6800333959213194
