epoch,train_loss,val_loss,val_rmse,val_mae,val_mape
1,1.3787724443844387,0.6040665874114404,0.7772172073567597,0.4773521423339844,52.586429595947266
